driver_id,driver_name,region,experience_years,shift
1,Erin Steele,Bareilly,2,Morning
2,Tony Cervantes,Kalyan,2,Night
3,Jordan Edwards,Bharatpur,11,Evening
4,Wayne Powell,Chennai,11,Morning
5,Virginia Sandoval,Noida,4,Evening
6,Jennifer Lopez,Loni,14,Evening
7,Peter Garrett,Ahmedabad,7,Night
8,Christina Dunn,Allahabad,2,Morning
9,Jessica Wolfe,Thane,13,Evening
10,William Lynch,Bathinda,13,Evening
11,Christopher Pierce,Patna,5,Night
12,Anna Gay,Guwahati,11,Morning
13,Julia Wilson,Bhavnagar,1,Morning
14,Kathleen Moran,Warangal,9,Night
15,Denise Davenport,Nagpur,9,Evening
16,Mrs. Kristen Reyes,Dewas,3,Morning
17,Katie Suarez,Nellore,3,Evening
18,Desiree Tyler,Bhopal,11,Night
19,Timothy Romero,Hyderabad,5,Evening
20,Diane Evans,Coimbatore,14,Night
21,Yvonne Burns,Salem,4,Night
22,Joshua Reed,Raipur,8,Night
23,Kimberly Gibson,Ahmedabad,1,Evening
24,Colin Terry,Coimbatore,14,Morning
25,Cynthia Rowe,Anantapur,13,Evening
26,Patrick Thornton,Bathinda,7,Evening
27,Jasmin Alvarado,Hyderabad,10,Morning
28,Veronica Simpson,Howrah,3,Night
29,Jonathan Lawrence,Kochi,13,Morning
30,Shelly Alexander,Cuttack,3,Morning
31,Joyce Bowen,Howrah,12,Night
32,Matthew Moore,Salem,4,Morning
33,Wayne Morgan,Bilaspur,11,Morning
34,Marie Christian,Bathinda,8,Night
35,Shannon James,Rourkela,3,Evening
36,Nathan Malone,Pimpri-Chinchwad,11,Night
37,Amanda Jones,Meerut,10,Evening
38,Tammie Bright,Patna,10,Night
39,Jessica Garcia,Gulbarga,10,Evening
40,Shelia Wallace,Vadodara,13,Night
41,Stephanie Williams,Madurai,8,Evening
42,Elaine Brooks,Vadodara,12,Evening
43,Joseph Knight,Pimpri-Chinchwad,10,Morning
44,Carolyn Miller,Akola,10,Night
45,Lisa Allen,Madurai,5,Night
46,Briana Murray,Cuttack,10,Night
47,David Smith,Asansol,9,Night
48,Stephanie Byrd,Rajkot,1,Night
49,Jeremy Reed,Visakhapatnam,14,Morning
50,Margaret Coleman,Bhavnagar,9,Night
51,Ryan Gonzalez,Gwalior,2,Night
52,John Young,Hyderabad,11,Evening
53,Laura Haney,Hubliâ€“Dharwad,9,Evening
54,William Barrett,Ludhiana,14,Night
55,Keith Jennings,Gandhinagar,13,Morning
56,Amber Obrien,Ranchi,8,Morning
57,Tanner Mitchell DDS,Loni,7,Evening
58,Heather Fields,Bilaspur,8,Evening
59,Megan Le,Faridabad,2,Evening
60,Sara Fuller,Cuttack,13,Morning
61,Maria Parker,Vijayawada,12,Night
62,Kevin Oconnor,Varanasi,2,Evening
63,Edward Burgess,Kolkata,14,Night
64,Carlos Ryan,Ajmer,6,Night
65,Kiara Mcintyre,Howrah,7,Evening
66,Dawn Summers,Bareilly,4,Night
67,Dr. Paul Morgan,Firozabad,10,Evening
68,Victor Taylor,Jhansi,13,Morning
69,Shannon Ramsey,Allahabad,1,Night
70,Tracy Ballard,Bengaluru,3,Evening
71,Richard Smith,Bilaspur,9,Night
72,Jordan Chambers,Vasai-Virar,2,Night
73,Lauren Carson,Bhiwandi,10,Morning
74,Ashley Hall,Rewa,10,Night
75,Stephen Hoffman,Hyderabad,10,Evening
76,Connie Brown,Saharanpur,2,Morning
77,Susan Turner,Ranchi,9,Evening
78,Charles Shah,Akola,12,Night
79,Johnathan Davis,Kota,12,Morning
80,Brandy Chavez,Rewa,5,Evening
81,Natalie Bautista,Nagpur,6,Night
82,Patrick Moore,Panipat,2,Morning
83,Brett Burns,Ludhiana,12,Morning
84,Trevor Johnson,Ahmedabad,8,Evening
85,Jeremy Sampson,Kota,13,Morning
86,Ariana Jennings,Aligarh,14,Morning
87,Vanessa Howard,Jamnagar,11,Evening
88,Colton Martinez,Kochi,8,Morning
89,Jordan Bates,Dewas,2,Evening
90,Linda Smith,Asansol,13,Morning
91,Dana Martinez,Ludhiana,13,Night
92,Andrea Hubbard,Kota,8,Evening
93,Daniel Kane,Dewas,13,Night
94,Charles Lester,Pimpri-Chinchwad,11,Night
95,Scott Thomas,Amravati,12,Morning
96,David Thompson,Cuttack,3,Night
97,Allison Smith,Indore,2,Evening
98,Cynthia Morris,Bharatpur,5,Evening
99,Anthony Harmon,Bareilly,3,Night
100,Nichole Alvarez,Cuttack,5,Morning
